<?xml version="1.0" encoding="utf-8" ?>
<dwsync>
<file name="sendEmail-v156.php" server="C:/xampp/mysql" local="131222184037234206" remote="131222184030000000" Dst="0" />
<file name="member_login.php" server="C:/xampp/mysql" local="131272822268646858" remote="131272822260000000" Dst="0" />
<file name="opt_login.php" server="C:/xampp/mysql" local="131272822370632611" remote="131272822370000000" Dst="0" />
<file name="transaksi.php" server="C:/xampp/mysql" local="131278252856008885" remote="131278252850000000" Dst="0" />
<file name="footer.php" server="C:/xampp/mysql" local="131275008031488168" remote="131275008030000000" Dst="0" />
<file name="cari_filter.php" server="C:/xampp/mysql" local="131275434016389372" remote="131275434010000000" Dst="0" />
<file name="koneksi.php" server="C:/xampp/mysql" local="131233223530594867" remote="131233223530000000" Dst="0" />
<file name="navbar.php" server="C:/xampp/mysql" local="131274641351809317" remote="131274641350000000" Dst="0" />
<file name="index.php" server="C:/xampp/mysql" local="131280258506225030" remote="131280258500000000" Dst="0" />
</dwsync>